ğŸ˜€	grinning face happy
ğŸ˜ƒ	grinning face with big eyes happy smiley
ğŸ˜„	grinning face with smiling eyes happy smile
ğŸ˜	beaming face with smiling eyes happy grin
ğŸ˜†	grinning squinting face happy satisfied laughing lol
ğŸ˜…	grinning face with sweat happy smile
ğŸ¤£	rolling on the floor laughing laugh rofl lol
ğŸ˜‚	face with tears of joy happy lol
ğŸ™‚	slightly smiling face happy slight smile
ğŸ™ƒ	upside-down face happy upside down
ğŸ˜‰	winking face wink
ğŸ˜Š	smiling face with smiling eyes happy blush
ğŸ˜‡	smiling face with halo happy innocent
ğŸ¥°	smiling face with hearts happy
ğŸ˜	smiling face with heart-eyes happy heart eyes
ğŸ¤©	star-struck
ğŸ˜˜	face blowing a kiss kissing heart
ğŸ˜—	kissing face
ğŸ˜š	kissing face with closed eyes
ğŸ˜™	kissing face with smiling eyes
ğŸ˜‹	face savoring food yum
ğŸ˜›	face with tongue
ğŸ˜œ	winking face with tongue
ğŸ¤ª	zany face
ğŸ˜	squinting face with tongue closed eyes
ğŸ¤‘	money-mouth face money mouth
ğŸ¤—	hugging face
ğŸ¤­	face with hand over mouth
ğŸ¤«	shushing face
ğŸ¤”	thinking face
ğŸ¤	zipper-mouth face zipper mouth
ğŸ¤¨	face with raised eyebrow
ğŸ˜	neutral face straight
ğŸ˜‘	expressionless face
ğŸ˜¶	face without mouth no
ğŸ˜	smirking face smirk
ğŸ˜’	unamused face
ğŸ™„	face with rolling eyes eyeroll
ğŸ˜¬	grimacing face grimace
ğŸ¤¥	lying face
ğŸ˜Œ	relieved face
ğŸ˜”	pensive face
ğŸ˜ª	sleepy face
ğŸ¤¤	drooling face
ğŸ˜´	sleeping face
ğŸ˜·	face with medical mask
ğŸ¤’	face with thermometer thermometer2
ğŸ¤•	face with head-bandage bandage
ğŸ¤¢	nauseated face
ğŸ¤®	face vomiting
ğŸ¤§	sneezing face
ğŸ¥µ	hot face
ğŸ¥¶	cold face
ğŸ¥´	woozy face
ğŸ˜µ	dizzy face
ğŸ¤¯	exploding head
ğŸ¤ 	cowboy hat face
ğŸ¥³	partying face
ğŸ˜	smiling face with sunglasses
ğŸ¤“	nerd face
ğŸ§	face with monocle
ğŸ˜•	confused face
ğŸ˜Ÿ	worried face
ğŸ™	slightly frowning face slight frown sad
ğŸ˜®	face with open mouth
ğŸ˜¯	hushed face
ğŸ˜²	astonished face
ğŸ˜³	flushed face
ğŸ¥º	pleading face
ğŸ˜¦	frowning face with open mouth
ğŸ˜§	anguished face
ğŸ˜¨	fearful face
ğŸ˜°	anxious face with sweat cold
ğŸ˜¥	sad but relieved face disappointed
ğŸ˜¢	crying face cry sad
ğŸ˜­	loudly crying face sob sad
ğŸ˜±	face screaming in fear scream
ğŸ˜–	confounded face
ğŸ˜£	persevering face persevere
ğŸ˜	disappointed face
ğŸ˜“	downcast face with sweat
ğŸ˜©	weary face
ğŸ˜«	tired face
ğŸ¥±	yawning face
ğŸ˜¤	face with steam from nose triumph
ğŸ˜¡	pouting face rage
ğŸ˜ 	angry face
ğŸ¤¬	face with symbols on mouth
ğŸ˜ˆ	smiling face with horns imp
ğŸ‘¿	angry face with horns imp
ğŸ’€	skull
â˜ 	skull and crossbones
ğŸ’©	pile of poo hankey shit poop
ğŸ¤¡	clown face
ğŸ‘¹	ogre
ğŸ‘º	goblin
ğŸ‘»	ghost
ğŸ‘½	alien
ğŸ‘¾	alien monster space invader
ğŸ¤–	robot
ğŸ˜º	grinning cat smiley
ğŸ˜¸	grinning cat with smiling eyes smile
ğŸ˜¹	cat with tears of joy
ğŸ˜»	smiling cat with heart-eyes heart eyes
ğŸ˜¼	cat with wry smile smirk
ğŸ˜½	kissing cat kiss
ğŸ™€	weary cat scream
ğŸ˜¿	crying cat cry
ğŸ˜¾	pouting cat pout
ğŸ™ˆ	see-no-evil monkey see no evil
ğŸ™‰	hear-no-evil monkey hear no evil
ğŸ™Š	speak-no-evil monkey speak no evil
ğŸ’‹	kiss mark
ğŸ’Œ	love letter
ğŸ’˜	heart with arrow cupid
ğŸ’	heart with ribbon gift
ğŸ’–	sparkling heart
ğŸ’—	growing heart heartpulse
ğŸ’“	beating heart heartbeat
ğŸ’	revolving hearts
ğŸ’•	two hearts
ğŸ’Ÿ	heart decoration
â£	heart exclamation bang
ğŸ’”	broken heart
â¤	red heart
ğŸ§¡	orange heart
ğŸ’›	yellow heart
ğŸ’š	green heart
ğŸ’™	blue heart
ğŸ’œ	purple heart
ğŸ¤	brown heart
ğŸ–¤	black heart
ğŸ¤	white heart
ğŸ’¯	hundred points 100
ğŸ’¢	anger symbol
ğŸ’¥	collision boom
ğŸ’«	dizzy star
ğŸ’¦	sweat droplets drops
ğŸ’¨	dashing away dash
ğŸ•³	hole
ğŸ’£	bomb
ğŸ’¬	speech balloon
ğŸ—¨	left speech bubble speech2
ğŸ—¯	right anger bubble
ğŸ’­	thought balloon
ğŸ’¤	zzz
ğŸ‘‹	waving hand wave
ğŸ¤š	raised back of hand
ğŸ–	hand with fingers splayed raised hand2
âœ‹	raised hand
ğŸ––	vulcan salute spock
ğŸ‘Œ	OK hand ok
ğŸ¤	pinching hand
âœŒ	victory hand v
ğŸ¤	crossed fingers hand
ğŸ¤Ÿ	love-you gesture hand
ğŸ¤˜	sign of the horns metal hand
ğŸ¤™	call me hand
ğŸ‘ˆ	backhand index pointing left point
ğŸ‘‰	backhand index pointing right point
ğŸ‘†	backhand index pointing up point 2
ğŸ–•	middle finger the bird fu
ğŸ‘‡	backhand index pointing down point
â˜	index pointing up point
ğŸ‘	thumbs up +1
ğŸ‘	thumbs down -1
âœŠ	raised fist
ğŸ‘Š	oncoming fist face punch bump
ğŸ¤›	left-facing fist
ğŸ¤œ	right-facing fist
ğŸ‘	clapping hands clap
ğŸ™Œ	raising hands raised
ğŸ‘	open hands
ğŸ¤²	palms up together
ğŸ¤	handshake
ğŸ™	folded hands thanks pray
âœ	writing hand
ğŸ’…	nail polish care
ğŸ¤³	selfie
ğŸ’ª	flexed biceps flex muscle
ğŸ¦¾	mechanical arm
ğŸ¦¿	mechanical leg
ğŸ¦µ	leg
ğŸ¦¶	foot
ğŸ‘‚	ear
ğŸ¦»	ear with hearing aid
ğŸ‘ƒ	nose
ğŸ§ 	brain
ğŸ¦·	tooth
ğŸ¦´	bone
ğŸ‘€	eyes
ğŸ‘	eye
ğŸ‘…	tongue
ğŸ‘„	mouth lips
ğŸ‘¶	baby
ğŸ§’	child
ğŸ‘¦	boy
ğŸ‘§	girl
ğŸ§‘	person
ğŸ‘±	person: blond hair person with
ğŸ‘¨	man
ğŸ§”	man: beard
ğŸ‘©	woman
ğŸ§“	older person
ğŸ‘´	old man
ğŸ‘µ	old woman
ğŸ™	person frowning
ğŸ™	person pouting with face
ğŸ™…	person gesturing NO nope no good
ğŸ™†	person gesturing OK ok woman
ğŸ’	person tipping hand sass
ğŸ™‹	person raising hand
ğŸ§	deaf person
ğŸ™‡	person bowing bow
ğŸ¤¦	person facepalming
ğŸ¤·	person shrugging
ğŸ‘®	police officer cop
ğŸ•µ	detective spy
ğŸ’‚	guard
ğŸ‘·	construction worker
ğŸ¤´	prince
ğŸ‘¸	princess
ğŸ‘³	person wearing turban
ğŸ‘²	person with skullcap gua pi mao
ğŸ§•	woman with headscarf
ğŸ¤µ	person in tuxedo
ğŸ‘°	person with veil bride
ğŸ¤±	breast-feeding
ğŸ‘¼	baby angel
ğŸ…	Santa Claus santa
ğŸ¤¶	Mrs. Claus
ğŸ¦¸	superhero
ğŸ¦¹	supervillain
ğŸ§™	mage
ğŸ§š	fairy
ğŸ§›	vampire
ğŸ§Ÿ	zombie
ğŸ’†	person getting massage
ğŸ’‡	person getting haircut
ğŸš¶	person walking
ğŸ§	person standing
ğŸ§	person kneeling
ğŸƒ	person running runner run
ğŸ’ƒ	woman dancing dancer
ğŸ•º	man dancing
ğŸ•´	person in suit levitating man business
ğŸ‘¯	people with bunny ears dancers
ğŸ§–	person in steamy room
ğŸ§—	person climbing
ğŸ¤º	person fencing
ğŸ‡	horse racing
â›·	skier
ğŸ‚	snowboarder
ğŸŒ	person golfing golfer
ğŸ„	person surfing surfer
ğŸš£	person rowing boat rowboat
ğŸŠ	person swimming swim
â›¹	person bouncing ball with
ğŸ‹	person lifting weights
ğŸš´	person biking bicyclist
ğŸšµ	person mountain biking bicyclist
ğŸ¤¸	person cartwheeling
ğŸ¤¼	people wrestling
ğŸ¤½	person playing water polo
ğŸ¤¾	person playing handball
ğŸ¤¹	person juggling
ğŸ§˜	person in lotus position
ğŸ›€	person taking bath
ğŸ›Œ	person in bed sleeping2
ğŸ‘­	women holding hands woman couple
ğŸ‘«	woman and man holding hands couple
ğŸ‘¬	men holding hands man couple
ğŸ’	kiss couple
ğŸ’‘	couple with heart
ğŸ‘ª	family man woman boy
ğŸ—£	speaking head
ğŸ‘¤	bust in silhouette person
ğŸ‘¥	busts in silhouette people
ğŸ‘£	footprints
ğŸ¦°	red hair
ğŸ¦±	curly hair
ğŸ¦³	white hair
ğŸ¦²	bald
ğŸµ	monkey face
ğŸ’	monkey monkey2
ğŸ¦	gorilla
ğŸ¦§	orangutan
ğŸ¶	dog face
ğŸ•	dog dog2
ğŸ¦®	guide dog
ğŸ©	poodle
ğŸº	wolf
ğŸ¦Š	fox
ğŸ¦	raccoon
ğŸ±	cat face
ğŸˆ	cat cat2
ğŸ¦	lion
ğŸ¯	tiger face
ğŸ…	tiger tiger2
ğŸ†	leopard
ğŸ´	horse face
ğŸ	horse racehorse
ğŸ¦„	unicorn
ğŸ¦“	zebra
ğŸ¦Œ	deer
ğŸ®	cow face
ğŸ‚	ox
ğŸƒ	water buffalo
ğŸ„	cow cow2
ğŸ·	pig face
ğŸ–	pig pig2
ğŸ—	boar
ğŸ½	pig nose
ğŸ	ram
ğŸ‘	ewe sheep
ğŸ	goat
ğŸª	camel camel2
ğŸ«	two-hump camel
ğŸ¦™	llama
ğŸ¦’	giraffe
ğŸ˜	elephant
ğŸ¦	rhinoceros
ğŸ¦›	hippopotamus
ğŸ­	mouse face
ğŸ	mouse mouse2
ğŸ€	rat
ğŸ¹	hamster
ğŸ°	rabbit face
ğŸ‡	rabbit rabbit2
ğŸ¿	chipmunk
ğŸ¦”	hedgehog
ğŸ¦‡	bat
ğŸ»	bear
ğŸ¨	koala
ğŸ¼	panda
ğŸ¦¥	sloth
ğŸ¦¦	otter
ğŸ¦¨	skunk
ğŸ¦˜	kangaroo
ğŸ¦¡	badger
ğŸ¾	paw prints feet
ğŸ¦ƒ	turkey
ğŸ”	chicken
ğŸ“	rooster
ğŸ£	hatching chick
ğŸ¤	baby chick
ğŸ¥	front-facing baby chick hatched
ğŸ¦	bird
ğŸ§	penguin
ğŸ•Š	dove peace
ğŸ¦…	eagle
ğŸ¦†	duck
ğŸ¦¢	swan
ğŸ¦‰	owl
ğŸ¦©	flamingo
ğŸ¦š	peacock
ğŸ¦œ	parrot
ğŸ¸	frog
ğŸŠ	crocodile
ğŸ¢	turtle
ğŸ¦	lizard
ğŸ	snake
ğŸ²	dragon face dragon2
ğŸ‰	dragon
ğŸ¦•	sauropod
ğŸ¦–	T-Rex
ğŸ³	spouting whale
ğŸ‹	whale whale2
ğŸ¬	dolphin flipper
ğŸŸ	fish
ğŸ 	tropical fish
ğŸ¡	blowfish
ğŸ¦ˆ	shark
ğŸ™	octopus
ğŸš	spiral shell
ğŸŒ	snail
ğŸ¦‹	butterfly
ğŸ›	bug
ğŸœ	ant
ğŸ	honeybee bee
ğŸ	lady beetle
ğŸ¦—	cricket
ğŸ•·	spider
ğŸ•¸	spider web
ğŸ¦‚	scorpion
ğŸ¦Ÿ	mosquito
ğŸ¦ 	microbe
ğŸ’	bouquet
ğŸŒ¸	cherry blossom
ğŸ’®	white flower
ğŸµ	rosette
ğŸŒ¹	rose
ğŸ¥€	wilted flower
ğŸŒº	hibiscus
ğŸŒ»	sunflower
ğŸŒ¼	blossom
ğŸŒ·	tulip
ğŸŒ±	seedling
ğŸŒ²	evergreen tree evergreen: (tree)
ğŸŒ³	deciduous tree deciduous: (tree)
ğŸŒ´	palm tree
ğŸŒµ	cactus
ğŸŒ¾	sheaf of rice ear
ğŸŒ¿	herb
â˜˜	shamrock
ğŸ€	four leaf clover
ğŸ	maple leaf
ğŸ‚	fallen leaf
ğŸƒ	leaf fluttering in wind leaves
ğŸ‡	grapes
ğŸˆ	melon
ğŸ‰	watermelon
ğŸŠ	tangerine
ğŸ‹	lemon
ğŸŒ	banana
ğŸ	pineapple
ğŸ¥­	mango
ğŸ	red apple
ğŸ	green apple
ğŸ	pear
ğŸ‘	peach
ğŸ’	cherries
ğŸ“	strawberry
ğŸ¥	kiwi fruit
ğŸ…	tomato
ğŸ¥¥	coconut
ğŸ¥‘	avocado
ğŸ†	eggplant
ğŸ¥”	potato
ğŸ¥•	carrot
ğŸŒ½	ear of corn
ğŸŒ¶	hot pepper
ğŸ¥’	cucumber
ğŸ¥¬	leafy green
ğŸ¥¦	broccoli
ğŸ§„	garlic
ğŸ§…	onion
ğŸ„	mushroom
ğŸ¥œ	peanuts
ğŸŒ°	chestnut
ğŸ	bread
ğŸ¥	croissant
ğŸ¥–	baguette bread
ğŸ¥¨	pretzel
ğŸ¥¯	bagel
ğŸ¥	pancakes
ğŸ§‡	waffle
ğŸ§€	cheese wedge
ğŸ–	meat on bone
ğŸ—	poultry leg chicken
ğŸ¥©	cut of meat
ğŸ¥“	bacon
ğŸ”	hamburger
ğŸŸ	french fries
ğŸ•	pizza
ğŸŒ­	hot dog hotdog
ğŸ¥ª	sandwich
ğŸŒ®	taco
ğŸŒ¯	burrito
ğŸ¥™	stuffed flatbread
ğŸ§†	falafel
ğŸ¥š	egg
ğŸ³	cooking egg
ğŸ¥˜	shallow pan of food
ğŸ²	pot of food stew
ğŸ¥£	bowl with spoon
ğŸ¥—	green salad
ğŸ¿	popcorn
ğŸ§ˆ	butter
ğŸ§‚	salt
ğŸ¥«	canned food
ğŸ±	bento box
ğŸ˜	rice cracker
ğŸ™	rice ball
ğŸš	cooked rice
ğŸ›	curry rice
ğŸœ	steaming bowl ramen
ğŸ	spaghetti
ğŸ 	roasted sweet potato
ğŸ¢	oden
ğŸ£	sushi
ğŸ¤	fried shrimp
ğŸ¥	fish cake with swirl
ğŸ¥®	moon cake
ğŸ¡	dango
ğŸ¥Ÿ	dumpling
ğŸ¥ 	fortune cookie
ğŸ¥¡	takeout box
ğŸ¦€	crab
ğŸ¦	lobster
ğŸ¦	shrimp
ğŸ¦‘	squid
ğŸ¦ª	oyster
ğŸ¦	soft ice cream icecream
ğŸ§	shaved ice
ğŸ¨	ice cream icecream2
ğŸ©	doughnut donut
ğŸª	cookie
ğŸ‚	birthday cake
ğŸ°	shortcake cake
ğŸ§	cupcake
ğŸ¥§	pie
ğŸ«	chocolate bar
ğŸ¬	candy
ğŸ­	lollipop
ğŸ®	custard
ğŸ¯	honey pot
ğŸ¼	baby bottle
ğŸ¥›	glass of milk
â˜•	hot beverage coffee
ğŸµ	teacup without handle tea
ğŸ¶	sake
ğŸ¾	bottle with popping cork champagne
ğŸ·	wine glass
ğŸ¸	cocktail glass
ğŸ¹	tropical drink
ğŸº	beer mug
ğŸ»	clinking beer mugs beers
ğŸ¥‚	clinking glasses
ğŸ¥ƒ	tumbler glass
ğŸ¥¤	cup with straw
ğŸ§ƒ	beverage box
ğŸ§‰	mate
ğŸ§Š	ice
ğŸ¥¢	chopsticks
ğŸ½	fork and knife with plate
ğŸ´	fork and knife cutlery
ğŸ¥„	spoon
ğŸ”ª	kitchen knife hocho
ğŸº	amphora
ğŸŒ	globe showing Europe-Africa earth africa
ğŸŒ	globe showing Americas earth americas
ğŸŒ	globe showing Asia-Australia earth asia
ğŸŒ	globe with meridians
ğŸ—º	world map
ğŸ—¾	map of Japan japan
ğŸ§­	compass
ğŸ”	snow-capped mountain snow
â›°	mountain
ğŸŒ‹	volcano
ğŸ—»	mount fuji
ğŸ•	camping
ğŸ–	beach with umbrella
ğŸœ	desert
ğŸ	desert island
ğŸ	national park
ğŸŸ	stadium
ğŸ›	classical building
ğŸ—	building construction
ğŸ§±	brick
ğŸ˜	houses house buildings
ğŸš	derelict house
ğŸ 	house
ğŸ¡	house with garden
ğŸ¢	office building
ğŸ£	Japanese post office
ğŸ¤	post office european
ğŸ¥	hospital
ğŸ¦	bank
ğŸ¨	hotel
ğŸ©	love hotel
ğŸª	convenience store
ğŸ«	school
ğŸ¬	department store
ğŸ­	factory
ğŸ¯	Japanese castle japanese
ğŸ°	castle european
ğŸ’’	wedding
ğŸ—¼	Tokyo tower tokyo
ğŸ—½	Statue of Liberty statue liberty
â›ª	church
ğŸ•Œ	mosque
ğŸ›•	hindu temple
ğŸ•	synagogue
â›©	shinto shrine
ğŸ•‹	kaaba
â›²	fountain
â›º	tent
ğŸŒ	foggy
ğŸŒƒ	night with stars starry
ğŸ™	cityscape
ğŸŒ„	sunrise over mountains mountain
ğŸŒ…	sunrise
ğŸŒ†	cityscape at dusk city sunset
ğŸŒ‡	sunset city sunrise
ğŸŒ‰	bridge at night
â™¨	hot springs hotsprings
ğŸ 	carousel horse
ğŸ¡	ferris wheel
ğŸ¢	roller coaster
ğŸ’ˆ	barber pole
ğŸª	circus tent
ğŸš‚	locomotive
ğŸšƒ	railway car
ğŸš„	high-speed train bullettrain side
ğŸš…	bullet train bullettrain front
ğŸš†	train train2
ğŸš‡	metro
ğŸšˆ	light rail
ğŸš‰	station
ğŸšŠ	tram
ğŸš	monorail
ğŸš	mountain railway
ğŸš‹	tram car train
ğŸšŒ	bus
ğŸš	oncoming bus bus2
ğŸš	trolleybus trolley bus
ğŸš	minibus
ğŸš‘	ambulance
ğŸš’	fire engine truck
ğŸš“	police car
ğŸš”	oncoming police car police2
ğŸš•	taxi
ğŸš–	oncoming taxi taxi2
ğŸš—	automobile car red
ğŸš˜	oncoming automobile car2
ğŸš™	sport utility vehicle blue car
ğŸšš	delivery truck
ğŸš›	articulated lorry
ğŸšœ	tractor
ğŸ	racing car racecar
ğŸ	motorcycle
ğŸ›µ	motor scooter
ğŸ¦½	manual wheelchair
ğŸ¦¼	motorized wheelchair
ğŸ›º	auto rickshaw
ğŸš²	bicycle bike
ğŸ›´	kick scooter
ğŸ›¹	skateboard
ğŸš	bus stop
ğŸ›£	motorway
ğŸ›¤	railway track
ğŸ›¢	oil drum
â›½	fuel pump fuelpump
ğŸš¨	police car light rotating
ğŸš¥	horizontal traffic light
ğŸš¦	vertical traffic light
ğŸ›‘	stop sign
ğŸš§	construction
âš“	anchor
â›µ	sailboat boat
ğŸ›¶	canoe
ğŸš¤	speedboat
ğŸ›³	passenger ship
â›´	ferry
ğŸ›¥	motor boat
ğŸš¢	ship
âœˆ	airplane plane
ğŸ›©	small airplane plane
ğŸ›«	airplane departure plane
ğŸ›¬	airplane arrival plane arriving
ğŸª‚	parachute
ğŸ’º	seat
ğŸš	helicopter
ğŸšŸ	suspension railway
ğŸš 	mountain cableway
ğŸš¡	aerial tramway
ğŸ›°	satellite
ğŸš€	rocket
ğŸ›¸	flying saucer
ğŸ›	bellhop bell
ğŸ§³	luggage
âŒ›	hourglass done
â³	hourglass not done sand
âŒš	watch
â°	alarm clock
â±	stopwatch
â²	timer clock
ğŸ•°	mantelpiece clock
ğŸ•›	twelve oâ€™clock clock12
ğŸ•§	twelve-thirty clock1230
ğŸ•	one oâ€™clock clock1
ğŸ•œ	one-thirty clock130
ğŸ•‘	two oâ€™clock clock2
ğŸ•	two-thirty clock230
ğŸ•’	three oâ€™clock clock3
ğŸ•	three-thirty clock330
ğŸ•“	four oâ€™clock clock4
ğŸ•Ÿ	four-thirty clock430
ğŸ•”	five oâ€™clock clock5
ğŸ• 	five-thirty clock530
ğŸ••	six oâ€™clock clock6
ğŸ•¡	six-thirty clock630
ğŸ•–	seven oâ€™clock clock7
ğŸ•¢	seven-thirty clock730
ğŸ•—	eight oâ€™clock clock8
ğŸ•£	eight-thirty clock830
ğŸ•˜	nine oâ€™clock clock9
ğŸ•¤	nine-thirty clock930
ğŸ•™	ten oâ€™clock clock10
ğŸ•¥	ten-thirty clock1030
ğŸ•š	eleven oâ€™clock clock11
ğŸ•¦	eleven-thirty clock1130
ğŸŒ‘	new moon moon1
ğŸŒ’	waxing crescent moon moon2
ğŸŒ“	first quarter moon moon3
ğŸŒ”	waxing gibbous moon moon4
ğŸŒ•	full moon moon5
ğŸŒ–	waning gibbous moon moon6
ğŸŒ—	last quarter moon moon7
ğŸŒ˜	waning crescent moon moon8
ğŸŒ™	crescent moon
ğŸŒš	new moon face
ğŸŒ›	first quarter moon face face2
ğŸŒœ	last quarter moon face face3
ğŸŒ¡	thermometer
â˜€	sun sunny
ğŸŒ	full moon face
ğŸŒ	sun with face
ğŸª	ringed planet
â­	star
ğŸŒŸ	glowing star star2
ğŸŒ 	shooting star stars
ğŸŒŒ	milky way
â˜	cloud
â›…	sun behind cloud partly sunny
â›ˆ	cloud with lightning and rain thunder
ğŸŒ¤	sun behind small cloud mostly sunny
ğŸŒ¥	sun behind large cloud barely sunny
ğŸŒ¦	sun behind rain cloud partly sunny
ğŸŒ§	cloud with rain
ğŸŒ¨	cloud with snow
ğŸŒ©	cloud with lightning
ğŸŒª	tornado cloud
ğŸŒ«	fog
ğŸŒ¬	wind face blowing
ğŸŒ€	cyclone
ğŸŒˆ	rainbow
ğŸŒ‚	closed umbrella
â˜‚	umbrella
â˜”	umbrella with rain drops
â›±	umbrella on ground beach
âš¡	high voltage zap
â„	snowflake
â˜ƒ	snowman snowman2
â›„	snowman without snow
â˜„	comet
ğŸ”¥	fire
ğŸ’§	droplet
ğŸŒŠ	water wave ocean
ğŸƒ	jack-o-lantern jack o lantern halloween
ğŸ„	Christmas tree christmas
ğŸ†	fireworks
ğŸ‡	sparkler
ğŸ§¨	firecracker
âœ¨	sparkles sparkle
ğŸˆ	balloon
ğŸ‰	party popper tada
ğŸŠ	confetti ball
ğŸ‹	tanabata tree
ğŸ	pine decoration bamboo
ğŸ	Japanese dolls
ğŸ	carp streamer flags
ğŸ	wind chime
ğŸ‘	moon viewing ceremony rice scene
ğŸ§§	red envelope
ğŸ€	ribbon
ğŸ	wrapped gift
ğŸ—	reminder ribbon
ğŸŸ	admission tickets
ğŸ«	ticket
ğŸ–	military medal
ğŸ†	trophy
ğŸ…	sports medal gold
ğŸ¥‡	1st place medal
ğŸ¥ˆ	2nd place medal
ğŸ¥‰	3rd place medal
âš½	soccer ball
âš¾	baseball
ğŸ¥	softball
ğŸ€	basketball
ğŸ	volleyball
ğŸˆ	american football
ğŸ‰	rugby football
ğŸ¾	tennis
ğŸ¥	flying disc
ğŸ³	bowling
ğŸ	cricket game
ğŸ‘	field hockey
ğŸ’	ice hockey
ğŸ¥	lacrosse
ğŸ“	ping pong table tennis
ğŸ¸	badminton
ğŸ¥Š	boxing glove
ğŸ¥‹	martial arts uniform
ğŸ¥…	goal net
â›³	flag in hole golf
â›¸	ice skate
ğŸ£	fishing pole
ğŸ¤¿	diving mask
ğŸ½	running shirt
ğŸ¿	skis ski
ğŸ›·	sled
ğŸ¥Œ	curling stone
ğŸ¯	direct hit dart
ğŸª€	yo-yo
ğŸª	kite
ğŸ±	pool 8 ball 8ball
ğŸ”®	crystal ball
ğŸ§¿	nazar amulet
ğŸ®	video game
ğŸ•¹	joystick
ğŸ°	slot machine
ğŸ²	game die dice
ğŸ§©	puzzle piece
ğŸ§¸	teddy bear
â™ 	spade suit spades
â™¥	heart suit hearts
â™¦	diamond suit diamonds
â™£	club suit clubs
â™Ÿ	chess pawn
ğŸƒ	joker
ğŸ€„	mahjong red dragon
ğŸ´	flower playing cards
ğŸ­	performing arts
ğŸ–¼	framed picture frame with
ğŸ¨	artist palette art
ğŸ§µ	thread
ğŸ§¶	yarn
ğŸ‘“	glasses eyeglasses
ğŸ•¶	sunglasses sunglasses2
ğŸ¥½	goggles
ğŸ¥¼	lab coat
ğŸ¦º	safety vest
ğŸ‘”	necktie
ğŸ‘•	t-shirt tshirt shirt
ğŸ‘–	jeans
ğŸ§£	scarf
ğŸ§¤	gloves
ğŸ§¥	coat
ğŸ§¦	socks
ğŸ‘—	dress
ğŸ‘˜	kimono
ğŸ¥»	sari
ğŸ©±	one-piece swimsuit
ğŸ©²	briefs
ğŸ©³	shorts
ğŸ‘™	bikini
ğŸ‘š	womanâ€™s clothes womans
ğŸ‘›	purse
ğŸ‘œ	handbag
ğŸ‘	clutch bag pouch
ğŸ›	shopping bags
ğŸ’	backpack satchel
ğŸ‘	manâ€™s shoe mans
ğŸ‘Ÿ	running shoe athletic
ğŸ¥¾	hiking boot
ğŸ¥¿	flat shoe
ğŸ‘ 	high-heeled shoe high heel
ğŸ‘¡	womanâ€™s sandal
ğŸ©°	ballet shoes
ğŸ‘¢	womanâ€™s boot
ğŸ‘‘	crown
ğŸ‘’	womanâ€™s hat womans
ğŸ©	top hat tophat
ğŸ“	graduation cap
ğŸ§¢	billed cap
â›‘	rescue workerâ€™s helmet with white cross
ğŸ“¿	prayer beads
ğŸ’„	lipstick
ğŸ’	ring
ğŸ’	gem stone
ğŸ”‡	muted speaker mute
ğŸ”ˆ	speaker low volume
ğŸ”‰	speaker medium volume sound
ğŸ”Š	speaker high volume loud sound
ğŸ“¢	loudspeaker
ğŸ“£	megaphone mega
ğŸ“¯	postal horn
ğŸ””	bell
ğŸ”•	bell with slash no
ğŸ¼	musical score
ğŸµ	musical note
ğŸ¶	musical notes
ğŸ™	studio microphone microphone2
ğŸš	level slider
ğŸ›	control knobs
ğŸ¤	microphone
ğŸ§	headphone headphones
ğŸ“»	radio
ğŸ·	saxophone
ğŸ¸	guitar
ğŸ¹	musical keyboard piano
ğŸº	trumpet
ğŸ»	violin
ğŸª•	banjo
ğŸ¥	drum
ğŸ“±	mobile phone iphone
ğŸ“²	mobile phone with arrow calling
â˜	telephone
ğŸ“	telephone receiver phone
ğŸ“Ÿ	pager
ğŸ“ 	fax machine
ğŸ”‹	battery
ğŸ”Œ	electric plug
ğŸ’»	laptop computer
ğŸ–¥	desktop computer monitor
ğŸ–¨	printer
âŒ¨	keyboard
ğŸ–±	computer mouse
ğŸ–²	trackball
ğŸ’½	computer disk minidisc
ğŸ’¾	floppy disk
ğŸ’¿	optical disk cd
ğŸ“€	dvd
ğŸ§®	abacus
ğŸ¥	movie camera
ğŸ	film frames
ğŸ“½	film projector
ğŸ¬	clapper board
ğŸ“º	television tv
ğŸ“·	camera
ğŸ“¸	camera with flash
ğŸ“¹	video camera
ğŸ“¼	videocassette vhs
ğŸ”	magnifying glass tilted left mag
ğŸ”	magnifying glass tilted right mag2
ğŸ•¯	candle
ğŸ’¡	light bulb
ğŸ”¦	flashlight
ğŸ®	red paper lantern izakaya
ğŸª”	diya lamp
ğŸ“”	notebook with decorative cover notebook2
ğŸ“•	closed book
ğŸ“–	open book
ğŸ“—	green book
ğŸ“˜	blue book
ğŸ“™	orange book
ğŸ“š	books
ğŸ““	notebook
ğŸ“’	ledger
ğŸ“ƒ	page with curl
ğŸ“œ	scroll
ğŸ“„	page facing up
ğŸ“°	newspaper
ğŸ—	rolled-up newspaper rolled up
ğŸ“‘	bookmark tabs
ğŸ”–	bookmark
ğŸ·	label
ğŸ’°	money bag moneybag
ğŸ’´	yen banknote
ğŸ’µ	dollar banknote
ğŸ’¶	euro banknote
ğŸ’·	pound banknote
ğŸ’¸	money with wings
ğŸ’³	credit card
ğŸ§¾	receipt
ğŸ’¹	chart increasing with yen
âœ‰	envelope mail
ğŸ“§	e-mail email
ğŸ“¨	incoming envelope
ğŸ“©	envelope with arrow
ğŸ“¤	outbox tray
ğŸ“¥	inbox tray
ğŸ“¦	package
ğŸ“«	closed mailbox with raised flag
ğŸ“ª	closed mailbox with lowered flag
ğŸ“¬	open mailbox with raised flag mail
ğŸ“­	open mailbox with lowered flag no mail
ğŸ“®	postbox
ğŸ—³	ballot box with ballot
âœ	pencil pencil2
âœ’	black nib
ğŸ–‹	fountain pen
ğŸ–Š	pen ballpoint
ğŸ–Œ	paintbrush
ğŸ–	crayon
ğŸ“	memo pencil
ğŸ’¼	briefcase
ğŸ“	file folder
ğŸ“‚	open file folder
ğŸ—‚	card index dividers
ğŸ“…	calendar date
ğŸ“†	tear-off calendar
ğŸ—’	spiral notepad note pad
ğŸ—“	spiral calendar pad
ğŸ“‡	card index
ğŸ“ˆ	chart increasing trending up
ğŸ“‰	chart decreasing trending down
ğŸ“Š	bar chart
ğŸ“‹	clipboard
ğŸ“Œ	pushpin
ğŸ“	round pushpin
ğŸ“	paperclip
ğŸ–‡	linked paperclips
ğŸ“	straight ruler
ğŸ“	triangular ruler triangle
âœ‚	scissors
ğŸ—ƒ	card file box
ğŸ—„	file cabinet
ğŸ—‘	wastebasket
ğŸ”’	locked lock
ğŸ”“	unlocked unlock
ğŸ”	locked with pen lock
ğŸ”	locked with key lock
ğŸ”‘	key
ğŸ—	old key
ğŸ”¨	hammer
ğŸª“	axe
â›	pick
âš’	hammer and pick
ğŸ› 	hammer and wrench
ğŸ—¡	dagger
âš”	crossed swords
ğŸ”«	pistol gun
ğŸ¹	bow and arrow
ğŸ›¡	shield
ğŸ”§	wrench
ğŸ”©	nut and bolt
âš™	gear
ğŸ—œ	clamp compression
âš–	balance scale scales
ğŸ¦¯	white cane
ğŸ”—	link
â›“	chains
ğŸ§°	toolbox
ğŸ§²	magnet
âš—	alembic
ğŸ§ª	test tube
ğŸ§«	petri dish
ğŸ§¬	dna
ğŸ”¬	microscope
ğŸ”­	telescope
ğŸ“¡	satellite antenna
ğŸ’‰	syringe
ğŸ©¸	drop of blood
ğŸ’Š	pill
ğŸ©¹	adhesive bandage
ğŸ©º	stethoscope
ğŸšª	door
ğŸ›	bed
ğŸ›‹	couch and lamp
ğŸª‘	chair
ğŸš½	toilet
ğŸš¿	shower
ğŸ›	bathtub
ğŸª’	razor
ğŸ§´	lotion bottle
ğŸ§·	safety pin
ğŸ§¹	broom
ğŸ§º	basket
ğŸ§»	roll of paper
ğŸ§¼	soap
ğŸ§½	sponge
ğŸ§¯	fire extinguisher
ğŸ›’	shopping cart
ğŸš¬	cigarette smoking
âš°	coffin
âš±	funeral urn
ğŸ—¿	moai moyai
ğŸ§	ATM sign atm
ğŸš®	litter in bin sign put its place
ğŸš°	potable water
â™¿	wheelchair symbol
ğŸš¹	menâ€™s room mens
ğŸšº	womenâ€™s room womens
ğŸš»	restroom
ğŸš¼	baby symbol
ğŸš¾	water closet wc
ğŸ›‚	passport control
ğŸ›ƒ	customs
ğŸ›„	baggage claim
ğŸ›…	left luggage
âš 	warning
ğŸš¸	children crossing
â›”	no entry
ğŸš«	prohibited no entry sign
ğŸš³	no bicycles
ğŸš­	no smoking
ğŸš¯	no littering do not litter
ğŸš±	non-potable water non potable
ğŸš·	no pedestrians
ğŸ“µ	no mobile phones
ğŸ”	no one under eighteen underage
â˜¢	radioactive
â˜£	biohazard
â†‘	up arrow
â†—	up-right arrow upper right
â†’	right arrow
â†˜	down-right arrow lower right
â†“	down arrow
â†™	down-left arrow lower left
â†	left arrow
â†–	up-left arrow upper left
â†•	up-down arrow up down
â†”	left-right arrow left right
â†©	right arrow curving left hook
â†ª	left arrow curving right hook
â¤´	right arrow curving up heading
â¤µ	right arrow curving down heading
ğŸ”ƒ	clockwise vertical arrows
ğŸ”„	counterclockwise arrows button
ğŸ”™	BACK arrow back
ğŸ”š	END arrow end
ğŸ”›	ON! arrow on
ğŸ”œ	SOON arrow soon
ğŸ”	TOP arrow top
ğŸ›	place of worship
âš›	atom symbol
ğŸ•‰	om symbol
âœ¡	star of David david
â˜¸	wheel of dharma
â˜¯	yin yang
âœ	latin cross
â˜¦	orthodox cross
â˜ª	star and crescent
â˜®	peace symbol
ğŸ•	menorah
ğŸ”¯	dotted six-pointed star six pointed
â™ˆ	Aries aries
â™‰	Taurus taurus
â™Š	Gemini gemini
â™‹	Cancer cancer
â™Œ	Leo leo
â™	Virgo virgo
â™	Libra libra
â™	Scorpio scorpius
â™	Sagittarius sagittarius
â™‘	Capricorn capricorn
â™’	Aquarius aquarius
â™“	Pisces pisces
â›	Ophiuchus ophiuchus
ğŸ”€	shuffle tracks button twisted rightwards arrows
ğŸ”	repeat button
ğŸ”‚	repeat single button one
â–¶	play button arrow forward
â©	fast-forward button fast forward
â­	next track button extra fast forward
â¯	play or pause button
â—€	reverse button arrow backward
âª	fast reverse button rewind
â®	last track button extra rewind
ğŸ”¼	upwards button arrow up small
â«	fast up button arrow double
ğŸ”½	downwards button arrow down small
â¬	fast down button arrow double
â¸	pause button
â¹	stop button
âº	record button
â	eject button
ğŸ¦	cinema
ğŸ”…	dim button low brightness
ğŸ”†	bright button high brightness
ğŸ“¶	antenna bars signal
ğŸ“³	vibration mode vibrate
ğŸ“´	mobile phone off
â™€	female sign
â™‚	male sign
âœ–	multiply sign
â•	plus sign
â–	minus sign
â—	divide division sign
â™¾	infinity
â€¼	double exclamation mark bangbang
â‰	exclamation question mark interrobang
â“	question mark
â”	white question mark grey
â•	white exclamation mark grey
â—	exclamation mark heavy bang
ã€°	wavy dash
ğŸ’±	currency exchange
ğŸ’²	heavy dollar sign
âš•	medical symbol
â™»	recycling symbol recycle
âšœ	fleur-de-lis fleur de lis
ğŸ”±	trident emblem
ğŸ“›	name badge
ğŸ”°	Japanese symbol for beginner
â­•	hollow red circle o
âœ…	check mark button checkmark tick
â˜‘	check box with check tick
âœ”	check mark checkmark2 tick
âŒ	cross mark x
â	cross mark button x2
â°	curly loop
â¿	double curly loop
ã€½	part alternation mark
âœ³	eight-spoked asterisk eight spoked
âœ´	eight-pointed star eight pointed black
â‡	sparkle sparkle2
Â©	copyright
Â®	registered
â„¢	trade mark tm
#ï¸âƒ£	keycap: #
*ï¸âƒ£	keycap: *
0ï¸âƒ£	keycap: 0
1ï¸âƒ£	keycap: 1
2ï¸âƒ£	keycap: 2
3ï¸âƒ£	keycap: 3
4ï¸âƒ£	keycap: 4
5ï¸âƒ£	keycap: 5
6ï¸âƒ£	keycap: 6
7ï¸âƒ£	keycap: 7
8ï¸âƒ£	keycap: 8
9ï¸âƒ£	keycap: 9
ğŸ”Ÿ	keycap: 10 keycap ten
ğŸ” 	input latin uppercase ABCD
ğŸ”¡	input latin lowercase abcd
ğŸ”¢	input numbers 1234
ğŸ”£	input symbols
ğŸ”¤	input latin letters abc
ğŸ…°	A button (blood type) a
ğŸ†	AB button (blood type) ab
ğŸ…±	B button (blood type) b
ğŸ†‘	CL button cl
ğŸ†’	COOL button cool
ğŸ†“	FREE button free
â„¹	information
ğŸ†”	ID button id
â“‚	circled M m
ğŸ†•	NEW button new
ğŸ†–	NG button ng
ğŸ…¾	O button (blood type) o2
ğŸ†—	OK button ok2
ğŸ…¿	P button parking
ğŸ†˜	SOS button sos
ğŸ†™	UP! button up
ğŸ†š	VS button vs
ğŸ”´	red circle
ğŸŸ 	orange circle
ğŸŸ¡	yellow circle
ğŸŸ¢	green circle
ğŸ”µ	blue circle large
ğŸŸ£	purple circle
ğŸŸ¤	brown circle
âš«	black circle
âšª	white circle
ğŸŸ¥	red square
ğŸŸ§	orange square
ğŸŸ¨	yellow square
ğŸŸ©	green square
ğŸŸ¦	blue square
ğŸŸª	purple square
ğŸŸ«	brown square
â¬›	black large square
â¬œ	white large square
â—¼	black medium square
â—»	white medium square
â—¾	black medium-small square medium small
â—½	white medium-small square medium small
â–ª	black small square
â–«	white small square
ğŸ”¶	large orange diamond
ğŸ”·	large blue diamond
ğŸ”¸	small orange diamond
ğŸ”¹	small blue diamond
ğŸ”º	red triangle pointed up small
ğŸ”»	red triangle pointed down small
ğŸ’ 	diamond with a dot shape
ğŸ”˜	radio button
ğŸ”³	white square button
ğŸ”²	black square button
ğŸ	chequered flag checkered
ğŸš©	triangular flag flagpost
ğŸŒ	crossed flags
ğŸ´	black flag waving
ğŸ³	white flag waving
â‚¬	euro
Â¯\_(ãƒ„)_/Â¯	shrug
(â•¯Â°â–¡Â°ï¼‰â•¯ï¸µ â”»â”â”»	table flip
â”¬â”€â”€â”¬â—¡ï¾‰(Â° -Â°ï¾‰)	table fix
Ù©(^á´—^)Û¶	excited
ï¼ˆï¼¾_ï¼¾ï¼‰	happy
(â—•â€¿â—•)	happy
(â€¢â€¿â€¢)	happy
à² _à² 	whatever angry sad stare
áµ’Ì€Ø¯Ì¥áµ’Ì	face
Â¼	quarter 1/4
Â½	half 1/2
Â¾	three quarters 3/4
â…“	third 1/3
â…”	two thirds 2/3
